Category,Filename,BPM
airplane,1-11687-A-47.wav,126.04801829268293
breathing,1-18631-A-23.wav,107.666015625
brushing_teeth,1-17092-A-27.wav,135.99917763157896
can_opening,1-101404-A-34.wav,120.18531976744185
car_horn,1-17124-A-43.wav,120.18531976744185
cat,1-34094-A-5.wav,97.50884433962264
chainsaw,1-116765-A-41.wav,105.46875
chirping_birds,1-100038-A-14.wav,135.99917763157896
church_bells,1-13571-A-46.wav,48.29877336448598
